{"cameraMode":{"drawMode":0,"name":"Shaded","section":"Shading Mode"},"sceneLighting":true,"audioPlay":false,"sceneViewState":{"m_AlwaysRefresh":false,"showFog":true,"showSkybox":true,"showFlares":true,"showImageEffects":true,"showParticleSystems":true,"showVisualEffectGraphs":true,"m_FxEnabled":true},"in2DMode":false,"pivot":{"x":-0.9939024448394775,"y":-1.1063976287841797,"z":-0.03771209716796875},"rotation":{"x":-0.001499614561907947,"y":-0.03748805448412895,"z":-0.00003851144720101729,"w":0.9992186427116394},"size":7.990715503692627,"orthographic":true}