{"cameraMode":{"drawMode":0,"name":"Shaded","section":"Shading Mode"},"sceneLighting":true,"audioPlay":false,"sceneViewState":{"m_AlwaysRefresh":false,"showFog":true,"showSkybox":true,"showFlares":true,"showImageEffects":true,"showParticleSystems":true,"showVisualEffectGraphs":true,"m_FxEnabled":true},"in2DMode":false,"pivot":{"x":0.21144753694534303,"y":-0.7356412410736084,"z":-8.957523345947266},"rotation":{"x":0.02548324316740036,"y":-0.029982635751366617,"z":0.0007802332402206957,"w":0.9991487264633179},"size":3.9135568141937258,"orthographic":true}