{"cameraMode":{"drawMode":0,"name":"Shaded","section":"Shading Mode"},"sceneLighting":false,"audioPlay":false,"sceneViewState":{"m_AlwaysRefresh":false,"showFog":true,"showSkybox":false,"showFlares":true,"showImageEffects":true,"showParticleSystems":true,"showVisualEffectGraphs":true,"m_FxEnabled":true},"in2DMode":false,"pivot":{"x":2.136676788330078,"y":0.8514105081558228,"z":-0.6937603950500488},"rotation":{"x":-0.026193838566541673,"y":0.2419818937778473,"z":0.006534750573337078,"w":0.969900369644165},"size":1.722956895828247,"orthographic":false}